,precision,recall,f1-score,support
class_0,0.9894122975880422,0.9645104316149685,0.9768026830631638,18118.0
class_1,0.7157712305025996,0.7428057553956835,0.7290379523389232,556.0
class_2,0.9097035040431267,0.9323204419889503,0.9208731241473398,1448.0
class_3,0.2718808193668529,0.9012345679012346,0.4177396280400572,162.0
class_4,0.9748774509803921,0.9894278606965174,0.9820987654320987,1608.0
accuracy,0.9581125525306048,0.9581125525306048,0.9581125525306048,0.9581125525306048
macro avg,0.7723290604962028,0.9060598115194708,0.8053104306043165,21892.0
weighted avg,0.9708130421902038,0.9581125525306048,0.9630627184159279,21892.0
