,precision,recall,f1-score,support
class_0,0.9929454447729105,0.8157081355558009,0.8956426883219198,18118.0
class_1,0.21302058401148874,0.8003597122302158,0.3364839319470699,556.0
class_2,0.6660039761431411,0.925414364640884,0.7745664739884393,1448.0
class_3,0.1759379042690815,0.8395061728395061,0.29090909090909095,162.0
class_4,0.739456419868791,0.9813432835820896,0.8433992517370389,1608.0
accuracy,0.834916864608076,0.834916864608076,0.834916864608076,0.834916864608076
macro avg,0.5574728658130825,0.8724663337696992,0.6282002873807118,21892.0
weighted avg,0.9268475531793283,0.834916864608076,0.8651208120333823,21892.0
